,name,constraint,owner
0,Background_SR_Fail_LOW_bin_1-1,flatParam,Background_SR_Fail
1,Background_SR_Fail_LOW_bin_2-1,flatParam,Background_SR_Fail
2,Background_SR_Fail_LOW_bin_1-2,flatParam,Background_SR_Fail
3,Background_SR_Fail_LOW_bin_2-2,flatParam,Background_SR_Fail
4,Background_SR_Fail_LOW_bin_1-3,flatParam,Background_SR_Fail
5,Background_SR_Fail_LOW_bin_2-3,flatParam,Background_SR_Fail
6,Background_SR_Fail_LOW_bin_1-4,flatParam,Background_SR_Fail
7,Background_SR_Fail_LOW_bin_2-4,flatParam,Background_SR_Fail
8,Background_SR_Fail_LOW_bin_1-5,flatParam,Background_SR_Fail
9,Background_SR_Fail_LOW_bin_2-5,flatParam,Background_SR_Fail
10,Background_SR_Fail_LOW_bin_1-6,flatParam,Background_SR_Fail
11,Background_SR_Fail_LOW_bin_2-6,flatParam,Background_SR_Fail
12,Background_SR_Fail_LOW_bin_1-7,flatParam,Background_SR_Fail
13,Background_SR_Fail_LOW_bin_2-7,flatParam,Background_SR_Fail
14,Background_SR_Fail_LOW_bin_1-8,flatParam,Background_SR_Fail
15,Background_SR_Fail_LOW_bin_2-8,flatParam,Background_SR_Fail
16,Background_SR_Fail_LOW_bin_1-9,flatParam,Background_SR_Fail
17,Background_SR_Fail_LOW_bin_2-9,flatParam,Background_SR_Fail
18,Background_SR_Fail_LOW_bin_1-10,flatParam,Background_SR_Fail
19,Background_SR_Fail_LOW_bin_2-10,flatParam,Background_SR_Fail
20,Background_SR_Fail_LOW_bin_1-11,flatParam,Background_SR_Fail
21,Background_SR_Fail_LOW_bin_2-11,flatParam,Background_SR_Fail
22,Background_SR_Fail_LOW_bin_1-12,flatParam,Background_SR_Fail
23,Background_SR_Fail_LOW_bin_2-12,flatParam,Background_SR_Fail
24,Background_SR_Fail_LOW_bin_1-13,flatParam,Background_SR_Fail
25,Background_SR_Fail_LOW_bin_2-13,flatParam,Background_SR_Fail
26,Background_SR_Fail_LOW_bin_1-14,flatParam,Background_SR_Fail
27,Background_SR_Fail_LOW_bin_2-14,flatParam,Background_SR_Fail
28,Background_SR_Fail_SIG_bin_1-1,flatParam,Background_SR_Fail
29,Background_SR_Fail_SIG_bin_2-1,flatParam,Background_SR_Fail
30,Background_SR_Fail_SIG_bin_3-1,flatParam,Background_SR_Fail
31,Background_SR_Fail_SIG_bin_4-1,flatParam,Background_SR_Fail
32,Background_SR_Fail_SIG_bin_5-1,flatParam,Background_SR_Fail
33,Background_SR_Fail_SIG_bin_6-1,flatParam,Background_SR_Fail
34,Background_SR_Fail_SIG_bin_1-2,flatParam,Background_SR_Fail
35,Background_SR_Fail_SIG_bin_2-2,flatParam,Background_SR_Fail
36,Background_SR_Fail_SIG_bin_3-2,flatParam,Background_SR_Fail
37,Background_SR_Fail_SIG_bin_4-2,flatParam,Background_SR_Fail
38,Background_SR_Fail_SIG_bin_5-2,flatParam,Background_SR_Fail
39,Background_SR_Fail_SIG_bin_6-2,flatParam,Background_SR_Fail
40,Background_SR_Fail_SIG_bin_1-3,flatParam,Background_SR_Fail
41,Background_SR_Fail_SIG_bin_2-3,flatParam,Background_SR_Fail
42,Background_SR_Fail_SIG_bin_3-3,flatParam,Background_SR_Fail
43,Background_SR_Fail_SIG_bin_4-3,flatParam,Background_SR_Fail
44,Background_SR_Fail_SIG_bin_5-3,flatParam,Background_SR_Fail
45,Background_SR_Fail_SIG_bin_6-3,flatParam,Background_SR_Fail
46,Background_SR_Fail_SIG_bin_1-4,flatParam,Background_SR_Fail
47,Background_SR_Fail_SIG_bin_2-4,flatParam,Background_SR_Fail
48,Background_SR_Fail_SIG_bin_3-4,flatParam,Background_SR_Fail
49,Background_SR_Fail_SIG_bin_4-4,flatParam,Background_SR_Fail
50,Background_SR_Fail_SIG_bin_5-4,flatParam,Background_SR_Fail
51,Background_SR_Fail_SIG_bin_6-4,flatParam,Background_SR_Fail
52,Background_SR_Fail_SIG_bin_1-5,flatParam,Background_SR_Fail
53,Background_SR_Fail_SIG_bin_2-5,flatParam,Background_SR_Fail
54,Background_SR_Fail_SIG_bin_3-5,flatParam,Background_SR_Fail
55,Background_SR_Fail_SIG_bin_4-5,flatParam,Background_SR_Fail
56,Background_SR_Fail_SIG_bin_5-5,flatParam,Background_SR_Fail
57,Background_SR_Fail_SIG_bin_6-5,flatParam,Background_SR_Fail
58,Background_SR_Fail_SIG_bin_1-6,flatParam,Background_SR_Fail
59,Background_SR_Fail_SIG_bin_2-6,flatParam,Background_SR_Fail
60,Background_SR_Fail_SIG_bin_3-6,flatParam,Background_SR_Fail
61,Background_SR_Fail_SIG_bin_4-6,flatParam,Background_SR_Fail
62,Background_SR_Fail_SIG_bin_5-6,flatParam,Background_SR_Fail
63,Background_SR_Fail_SIG_bin_6-6,flatParam,Background_SR_Fail
64,Background_SR_Fail_SIG_bin_1-7,flatParam,Background_SR_Fail
65,Background_SR_Fail_SIG_bin_2-7,flatParam,Background_SR_Fail
66,Background_SR_Fail_SIG_bin_3-7,flatParam,Background_SR_Fail
67,Background_SR_Fail_SIG_bin_4-7,flatParam,Background_SR_Fail
68,Background_SR_Fail_SIG_bin_5-7,flatParam,Background_SR_Fail
69,Background_SR_Fail_SIG_bin_6-7,flatParam,Background_SR_Fail
70,Background_SR_Fail_SIG_bin_1-8,flatParam,Background_SR_Fail
71,Background_SR_Fail_SIG_bin_2-8,flatParam,Background_SR_Fail
72,Background_SR_Fail_SIG_bin_3-8,flatParam,Background_SR_Fail
73,Background_SR_Fail_SIG_bin_4-8,flatParam,Background_SR_Fail
74,Background_SR_Fail_SIG_bin_5-8,flatParam,Background_SR_Fail
75,Background_SR_Fail_SIG_bin_6-8,flatParam,Background_SR_Fail
76,Background_SR_Fail_SIG_bin_1-9,flatParam,Background_SR_Fail
77,Background_SR_Fail_SIG_bin_2-9,flatParam,Background_SR_Fail
78,Background_SR_Fail_SIG_bin_3-9,flatParam,Background_SR_Fail
79,Background_SR_Fail_SIG_bin_4-9,flatParam,Background_SR_Fail
80,Background_SR_Fail_SIG_bin_5-9,flatParam,Background_SR_Fail
81,Background_SR_Fail_SIG_bin_6-9,flatParam,Background_SR_Fail
82,Background_SR_Fail_SIG_bin_1-10,flatParam,Background_SR_Fail
83,Background_SR_Fail_SIG_bin_2-10,flatParam,Background_SR_Fail
84,Background_SR_Fail_SIG_bin_3-10,flatParam,Background_SR_Fail
85,Background_SR_Fail_SIG_bin_4-10,flatParam,Background_SR_Fail
86,Background_SR_Fail_SIG_bin_5-10,flatParam,Background_SR_Fail
87,Background_SR_Fail_SIG_bin_6-10,flatParam,Background_SR_Fail
88,Background_SR_Fail_SIG_bin_1-11,flatParam,Background_SR_Fail
89,Background_SR_Fail_SIG_bin_2-11,flatParam,Background_SR_Fail
90,Background_SR_Fail_SIG_bin_3-11,flatParam,Background_SR_Fail
91,Background_SR_Fail_SIG_bin_4-11,flatParam,Background_SR_Fail
92,Background_SR_Fail_SIG_bin_5-11,flatParam,Background_SR_Fail
93,Background_SR_Fail_SIG_bin_6-11,flatParam,Background_SR_Fail
94,Background_SR_Fail_SIG_bin_1-12,flatParam,Background_SR_Fail
95,Background_SR_Fail_SIG_bin_2-12,flatParam,Background_SR_Fail
96,Background_SR_Fail_SIG_bin_3-12,flatParam,Background_SR_Fail
97,Background_SR_Fail_SIG_bin_4-12,flatParam,Background_SR_Fail
98,Background_SR_Fail_SIG_bin_5-12,flatParam,Background_SR_Fail
99,Background_SR_Fail_SIG_bin_6-12,flatParam,Background_SR_Fail
100,Background_SR_Fail_SIG_bin_1-13,flatParam,Background_SR_Fail
101,Background_SR_Fail_SIG_bin_2-13,flatParam,Background_SR_Fail
102,Background_SR_Fail_SIG_bin_3-13,flatParam,Background_SR_Fail
103,Background_SR_Fail_SIG_bin_4-13,flatParam,Background_SR_Fail
104,Background_SR_Fail_SIG_bin_5-13,flatParam,Background_SR_Fail
105,Background_SR_Fail_SIG_bin_6-13,flatParam,Background_SR_Fail
106,Background_SR_Fail_SIG_bin_1-14,flatParam,Background_SR_Fail
107,Background_SR_Fail_SIG_bin_2-14,flatParam,Background_SR_Fail
108,Background_SR_Fail_SIG_bin_3-14,flatParam,Background_SR_Fail
109,Background_SR_Fail_SIG_bin_4-14,flatParam,Background_SR_Fail
110,Background_SR_Fail_SIG_bin_5-14,flatParam,Background_SR_Fail
111,Background_SR_Fail_SIG_bin_6-14,flatParam,Background_SR_Fail
112,Background_SR_Fail_HIGH_bin_1-1,flatParam,Background_SR_Fail
113,Background_SR_Fail_HIGH_bin_2-1,flatParam,Background_SR_Fail
114,Background_SR_Fail_HIGH_bin_3-1,flatParam,Background_SR_Fail
115,Background_SR_Fail_HIGH_bin_1-2,flatParam,Background_SR_Fail
116,Background_SR_Fail_HIGH_bin_2-2,flatParam,Background_SR_Fail
117,Background_SR_Fail_HIGH_bin_3-2,flatParam,Background_SR_Fail
118,Background_SR_Fail_HIGH_bin_1-3,flatParam,Background_SR_Fail
119,Background_SR_Fail_HIGH_bin_2-3,flatParam,Background_SR_Fail
120,Background_SR_Fail_HIGH_bin_3-3,flatParam,Background_SR_Fail
121,Background_SR_Fail_HIGH_bin_1-4,flatParam,Background_SR_Fail
122,Background_SR_Fail_HIGH_bin_2-4,flatParam,Background_SR_Fail
123,Background_SR_Fail_HIGH_bin_3-4,flatParam,Background_SR_Fail
124,Background_SR_Fail_HIGH_bin_1-5,flatParam,Background_SR_Fail
125,Background_SR_Fail_HIGH_bin_2-5,flatParam,Background_SR_Fail
126,Background_SR_Fail_HIGH_bin_3-5,flatParam,Background_SR_Fail
127,Background_SR_Fail_HIGH_bin_1-6,flatParam,Background_SR_Fail
128,Background_SR_Fail_HIGH_bin_2-6,flatParam,Background_SR_Fail
129,Background_SR_Fail_HIGH_bin_3-6,flatParam,Background_SR_Fail
130,Background_SR_Fail_HIGH_bin_1-7,flatParam,Background_SR_Fail
131,Background_SR_Fail_HIGH_bin_2-7,flatParam,Background_SR_Fail
132,Background_SR_Fail_HIGH_bin_3-7,flatParam,Background_SR_Fail
133,Background_SR_Fail_HIGH_bin_1-8,flatParam,Background_SR_Fail
134,Background_SR_Fail_HIGH_bin_2-8,flatParam,Background_SR_Fail
135,Background_SR_Fail_HIGH_bin_3-8,flatParam,Background_SR_Fail
136,Background_SR_Fail_HIGH_bin_1-9,flatParam,Background_SR_Fail
137,Background_SR_Fail_HIGH_bin_2-9,flatParam,Background_SR_Fail
138,Background_SR_Fail_HIGH_bin_3-9,flatParam,Background_SR_Fail
139,Background_SR_Fail_HIGH_bin_1-10,flatParam,Background_SR_Fail
140,Background_SR_Fail_HIGH_bin_2-10,flatParam,Background_SR_Fail
141,Background_SR_Fail_HIGH_bin_3-10,flatParam,Background_SR_Fail
142,Background_SR_Fail_HIGH_bin_1-11,flatParam,Background_SR_Fail
143,Background_SR_Fail_HIGH_bin_2-11,flatParam,Background_SR_Fail
144,Background_SR_Fail_HIGH_bin_3-11,flatParam,Background_SR_Fail
145,Background_SR_Fail_HIGH_bin_1-12,flatParam,Background_SR_Fail
146,Background_SR_Fail_HIGH_bin_2-12,flatParam,Background_SR_Fail
147,Background_SR_Fail_HIGH_bin_3-12,flatParam,Background_SR_Fail
148,Background_SR_Fail_HIGH_bin_1-13,flatParam,Background_SR_Fail
149,Background_SR_Fail_HIGH_bin_2-13,flatParam,Background_SR_Fail
150,Background_SR_Fail_HIGH_bin_3-13,flatParam,Background_SR_Fail
151,Background_SR_Fail_HIGH_bin_1-14,flatParam,Background_SR_Fail
152,Background_SR_Fail_HIGH_bin_2-14,flatParam,Background_SR_Fail
153,Background_SR_Fail_HIGH_bin_3-14,flatParam,Background_SR_Fail
309,Background_SR_Fail_LOW_bin_1-1,flatParam,Background_1_SR_Pass
310,Background_SR_Fail_LOW_bin_2-1,flatParam,Background_1_SR_Pass
311,Background_SR_Fail_LOW_bin_1-2,flatParam,Background_1_SR_Pass
312,Background_SR_Fail_LOW_bin_2-2,flatParam,Background_1_SR_Pass
313,Background_SR_Fail_LOW_bin_1-3,flatParam,Background_1_SR_Pass
314,Background_SR_Fail_LOW_bin_2-3,flatParam,Background_1_SR_Pass
315,Background_SR_Fail_LOW_bin_1-4,flatParam,Background_1_SR_Pass
316,Background_SR_Fail_LOW_bin_2-4,flatParam,Background_1_SR_Pass
317,Background_SR_Fail_LOW_bin_1-5,flatParam,Background_1_SR_Pass
318,Background_SR_Fail_LOW_bin_2-5,flatParam,Background_1_SR_Pass
319,Background_SR_Fail_LOW_bin_1-6,flatParam,Background_1_SR_Pass
320,Background_SR_Fail_LOW_bin_2-6,flatParam,Background_1_SR_Pass
321,Background_SR_Fail_LOW_bin_1-7,flatParam,Background_1_SR_Pass
322,Background_SR_Fail_LOW_bin_2-7,flatParam,Background_1_SR_Pass
323,Background_SR_Fail_LOW_bin_1-8,flatParam,Background_1_SR_Pass
324,Background_SR_Fail_LOW_bin_2-8,flatParam,Background_1_SR_Pass
325,Background_SR_Fail_LOW_bin_1-9,flatParam,Background_1_SR_Pass
326,Background_SR_Fail_LOW_bin_2-9,flatParam,Background_1_SR_Pass
327,Background_SR_Fail_LOW_bin_1-10,flatParam,Background_1_SR_Pass
328,Background_SR_Fail_LOW_bin_2-10,flatParam,Background_1_SR_Pass
329,Background_SR_Fail_LOW_bin_1-11,flatParam,Background_1_SR_Pass
330,Background_SR_Fail_LOW_bin_2-11,flatParam,Background_1_SR_Pass
331,Background_SR_Fail_LOW_bin_1-12,flatParam,Background_1_SR_Pass
332,Background_SR_Fail_LOW_bin_2-12,flatParam,Background_1_SR_Pass
333,Background_SR_Fail_LOW_bin_1-13,flatParam,Background_1_SR_Pass
334,Background_SR_Fail_LOW_bin_2-13,flatParam,Background_1_SR_Pass
335,Background_SR_Fail_LOW_bin_1-14,flatParam,Background_1_SR_Pass
336,Background_SR_Fail_LOW_bin_2-14,flatParam,Background_1_SR_Pass
337,Background_SR_Fail_SIG_bin_1-1,flatParam,Background_1_SR_Pass
338,Background_SR_Fail_SIG_bin_2-1,flatParam,Background_1_SR_Pass
339,Background_SR_Fail_SIG_bin_3-1,flatParam,Background_1_SR_Pass
340,Background_SR_Fail_SIG_bin_4-1,flatParam,Background_1_SR_Pass
341,Background_SR_Fail_SIG_bin_5-1,flatParam,Background_1_SR_Pass
342,Background_SR_Fail_SIG_bin_6-1,flatParam,Background_1_SR_Pass
343,Background_SR_Fail_SIG_bin_1-2,flatParam,Background_1_SR_Pass
344,Background_SR_Fail_SIG_bin_2-2,flatParam,Background_1_SR_Pass
345,Background_SR_Fail_SIG_bin_3-2,flatParam,Background_1_SR_Pass
346,Background_SR_Fail_SIG_bin_4-2,flatParam,Background_1_SR_Pass
347,Background_SR_Fail_SIG_bin_5-2,flatParam,Background_1_SR_Pass
348,Background_SR_Fail_SIG_bin_6-2,flatParam,Background_1_SR_Pass
349,Background_SR_Fail_SIG_bin_1-3,flatParam,Background_1_SR_Pass
350,Background_SR_Fail_SIG_bin_2-3,flatParam,Background_1_SR_Pass
351,Background_SR_Fail_SIG_bin_3-3,flatParam,Background_1_SR_Pass
352,Background_SR_Fail_SIG_bin_4-3,flatParam,Background_1_SR_Pass
353,Background_SR_Fail_SIG_bin_5-3,flatParam,Background_1_SR_Pass
354,Background_SR_Fail_SIG_bin_6-3,flatParam,Background_1_SR_Pass
355,Background_SR_Fail_SIG_bin_1-4,flatParam,Background_1_SR_Pass
356,Background_SR_Fail_SIG_bin_2-4,flatParam,Background_1_SR_Pass
357,Background_SR_Fail_SIG_bin_3-4,flatParam,Background_1_SR_Pass
358,Background_SR_Fail_SIG_bin_4-4,flatParam,Background_1_SR_Pass
359,Background_SR_Fail_SIG_bin_5-4,flatParam,Background_1_SR_Pass
360,Background_SR_Fail_SIG_bin_6-4,flatParam,Background_1_SR_Pass
361,Background_SR_Fail_SIG_bin_1-5,flatParam,Background_1_SR_Pass
362,Background_SR_Fail_SIG_bin_2-5,flatParam,Background_1_SR_Pass
363,Background_SR_Fail_SIG_bin_3-5,flatParam,Background_1_SR_Pass
364,Background_SR_Fail_SIG_bin_4-5,flatParam,Background_1_SR_Pass
365,Background_SR_Fail_SIG_bin_5-5,flatParam,Background_1_SR_Pass
366,Background_SR_Fail_SIG_bin_6-5,flatParam,Background_1_SR_Pass
367,Background_SR_Fail_SIG_bin_1-6,flatParam,Background_1_SR_Pass
368,Background_SR_Fail_SIG_bin_2-6,flatParam,Background_1_SR_Pass
369,Background_SR_Fail_SIG_bin_3-6,flatParam,Background_1_SR_Pass
370,Background_SR_Fail_SIG_bin_4-6,flatParam,Background_1_SR_Pass
371,Background_SR_Fail_SIG_bin_5-6,flatParam,Background_1_SR_Pass
372,Background_SR_Fail_SIG_bin_6-6,flatParam,Background_1_SR_Pass
373,Background_SR_Fail_SIG_bin_1-7,flatParam,Background_1_SR_Pass
374,Background_SR_Fail_SIG_bin_2-7,flatParam,Background_1_SR_Pass
375,Background_SR_Fail_SIG_bin_3-7,flatParam,Background_1_SR_Pass
376,Background_SR_Fail_SIG_bin_4-7,flatParam,Background_1_SR_Pass
377,Background_SR_Fail_SIG_bin_5-7,flatParam,Background_1_SR_Pass
378,Background_SR_Fail_SIG_bin_6-7,flatParam,Background_1_SR_Pass
379,Background_SR_Fail_SIG_bin_1-8,flatParam,Background_1_SR_Pass
380,Background_SR_Fail_SIG_bin_2-8,flatParam,Background_1_SR_Pass
381,Background_SR_Fail_SIG_bin_3-8,flatParam,Background_1_SR_Pass
382,Background_SR_Fail_SIG_bin_4-8,flatParam,Background_1_SR_Pass
383,Background_SR_Fail_SIG_bin_5-8,flatParam,Background_1_SR_Pass
384,Background_SR_Fail_SIG_bin_6-8,flatParam,Background_1_SR_Pass
385,Background_SR_Fail_SIG_bin_1-9,flatParam,Background_1_SR_Pass
386,Background_SR_Fail_SIG_bin_2-9,flatParam,Background_1_SR_Pass
387,Background_SR_Fail_SIG_bin_3-9,flatParam,Background_1_SR_Pass
388,Background_SR_Fail_SIG_bin_4-9,flatParam,Background_1_SR_Pass
389,Background_SR_Fail_SIG_bin_5-9,flatParam,Background_1_SR_Pass
390,Background_SR_Fail_SIG_bin_6-9,flatParam,Background_1_SR_Pass
391,Background_SR_Fail_SIG_bin_1-10,flatParam,Background_1_SR_Pass
392,Background_SR_Fail_SIG_bin_2-10,flatParam,Background_1_SR_Pass
393,Background_SR_Fail_SIG_bin_3-10,flatParam,Background_1_SR_Pass
394,Background_SR_Fail_SIG_bin_4-10,flatParam,Background_1_SR_Pass
395,Background_SR_Fail_SIG_bin_5-10,flatParam,Background_1_SR_Pass
396,Background_SR_Fail_SIG_bin_6-10,flatParam,Background_1_SR_Pass
397,Background_SR_Fail_SIG_bin_1-11,flatParam,Background_1_SR_Pass
398,Background_SR_Fail_SIG_bin_2-11,flatParam,Background_1_SR_Pass
399,Background_SR_Fail_SIG_bin_3-11,flatParam,Background_1_SR_Pass
400,Background_SR_Fail_SIG_bin_4-11,flatParam,Background_1_SR_Pass
401,Background_SR_Fail_SIG_bin_5-11,flatParam,Background_1_SR_Pass
402,Background_SR_Fail_SIG_bin_6-11,flatParam,Background_1_SR_Pass
403,Background_SR_Fail_SIG_bin_1-12,flatParam,Background_1_SR_Pass
404,Background_SR_Fail_SIG_bin_2-12,flatParam,Background_1_SR_Pass
405,Background_SR_Fail_SIG_bin_3-12,flatParam,Background_1_SR_Pass
406,Background_SR_Fail_SIG_bin_4-12,flatParam,Background_1_SR_Pass
407,Background_SR_Fail_SIG_bin_5-12,flatParam,Background_1_SR_Pass
408,Background_SR_Fail_SIG_bin_6-12,flatParam,Background_1_SR_Pass
409,Background_SR_Fail_SIG_bin_1-13,flatParam,Background_1_SR_Pass
410,Background_SR_Fail_SIG_bin_2-13,flatParam,Background_1_SR_Pass
411,Background_SR_Fail_SIG_bin_3-13,flatParam,Background_1_SR_Pass
412,Background_SR_Fail_SIG_bin_4-13,flatParam,Background_1_SR_Pass
413,Background_SR_Fail_SIG_bin_5-13,flatParam,Background_1_SR_Pass
414,Background_SR_Fail_SIG_bin_6-13,flatParam,Background_1_SR_Pass
415,Background_SR_Fail_SIG_bin_1-14,flatParam,Background_1_SR_Pass
416,Background_SR_Fail_SIG_bin_2-14,flatParam,Background_1_SR_Pass
417,Background_SR_Fail_SIG_bin_3-14,flatParam,Background_1_SR_Pass
418,Background_SR_Fail_SIG_bin_4-14,flatParam,Background_1_SR_Pass
419,Background_SR_Fail_SIG_bin_5-14,flatParam,Background_1_SR_Pass
420,Background_SR_Fail_SIG_bin_6-14,flatParam,Background_1_SR_Pass
421,Background_SR_Fail_HIGH_bin_1-1,flatParam,Background_1_SR_Pass
422,Background_SR_Fail_HIGH_bin_2-1,flatParam,Background_1_SR_Pass
423,Background_SR_Fail_HIGH_bin_3-1,flatParam,Background_1_SR_Pass
424,Background_SR_Fail_HIGH_bin_1-2,flatParam,Background_1_SR_Pass
425,Background_SR_Fail_HIGH_bin_2-2,flatParam,Background_1_SR_Pass
426,Background_SR_Fail_HIGH_bin_3-2,flatParam,Background_1_SR_Pass
427,Background_SR_Fail_HIGH_bin_1-3,flatParam,Background_1_SR_Pass
428,Background_SR_Fail_HIGH_bin_2-3,flatParam,Background_1_SR_Pass
429,Background_SR_Fail_HIGH_bin_3-3,flatParam,Background_1_SR_Pass
430,Background_SR_Fail_HIGH_bin_1-4,flatParam,Background_1_SR_Pass
431,Background_SR_Fail_HIGH_bin_2-4,flatParam,Background_1_SR_Pass
432,Background_SR_Fail_HIGH_bin_3-4,flatParam,Background_1_SR_Pass
433,Background_SR_Fail_HIGH_bin_1-5,flatParam,Background_1_SR_Pass
434,Background_SR_Fail_HIGH_bin_2-5,flatParam,Background_1_SR_Pass
435,Background_SR_Fail_HIGH_bin_3-5,flatParam,Background_1_SR_Pass
436,Background_SR_Fail_HIGH_bin_1-6,flatParam,Background_1_SR_Pass
437,Background_SR_Fail_HIGH_bin_2-6,flatParam,Background_1_SR_Pass
438,Background_SR_Fail_HIGH_bin_3-6,flatParam,Background_1_SR_Pass
439,Background_SR_Fail_HIGH_bin_1-7,flatParam,Background_1_SR_Pass
440,Background_SR_Fail_HIGH_bin_2-7,flatParam,Background_1_SR_Pass
441,Background_SR_Fail_HIGH_bin_3-7,flatParam,Background_1_SR_Pass
442,Background_SR_Fail_HIGH_bin_1-8,flatParam,Background_1_SR_Pass
443,Background_SR_Fail_HIGH_bin_2-8,flatParam,Background_1_SR_Pass
444,Background_SR_Fail_HIGH_bin_3-8,flatParam,Background_1_SR_Pass
445,Background_SR_Fail_HIGH_bin_1-9,flatParam,Background_1_SR_Pass
446,Background_SR_Fail_HIGH_bin_2-9,flatParam,Background_1_SR_Pass
447,Background_SR_Fail_HIGH_bin_3-9,flatParam,Background_1_SR_Pass
448,Background_SR_Fail_HIGH_bin_1-10,flatParam,Background_1_SR_Pass
449,Background_SR_Fail_HIGH_bin_2-10,flatParam,Background_1_SR_Pass
450,Background_SR_Fail_HIGH_bin_3-10,flatParam,Background_1_SR_Pass
451,Background_SR_Fail_HIGH_bin_1-11,flatParam,Background_1_SR_Pass
452,Background_SR_Fail_HIGH_bin_2-11,flatParam,Background_1_SR_Pass
453,Background_SR_Fail_HIGH_bin_3-11,flatParam,Background_1_SR_Pass
454,Background_SR_Fail_HIGH_bin_1-12,flatParam,Background_1_SR_Pass
455,Background_SR_Fail_HIGH_bin_2-12,flatParam,Background_1_SR_Pass
456,Background_SR_Fail_HIGH_bin_3-12,flatParam,Background_1_SR_Pass
457,Background_SR_Fail_HIGH_bin_1-13,flatParam,Background_1_SR_Pass
458,Background_SR_Fail_HIGH_bin_2-13,flatParam,Background_1_SR_Pass
459,Background_SR_Fail_HIGH_bin_3-13,flatParam,Background_1_SR_Pass
460,Background_SR_Fail_HIGH_bin_1-14,flatParam,Background_1_SR_Pass
461,Background_SR_Fail_HIGH_bin_2-14,flatParam,Background_1_SR_Pass
462,Background_SR_Fail_HIGH_bin_3-14,flatParam,Background_1_SR_Pass
463,Background_SR_rpf_1_par0,flatParam,Background_1_SR_Pass
464,Background_SR_rpf_1_par1,flatParam,Background_1_SR_Pass
465,Background_SR_rpf_1_par2,flatParam,Background_1_SR_Pass
